{
  "skins": [
    {
      "localization_name": "§eStimoMC Hanf",
      "geometry": "geometry.HDcape1",
      "texture": "HDcape1.png",
      "type": "free"
    },
    {
      "localization_name": "§eStimoMC DE",
      "geometry": "geometry.HDcape2",
      "texture": "HDcape2.png",
      "type": "free"
    },
    {
      "localization_name": "§eStimoMC USA",
      "geometry": "geometry.HDcape1",
      "texture": "HDcape3.png",
      "type": "free"
    },
    {
      "localization_name": "§eStimoMC England",
      "geometry": "geometry.HDcape2",
      "texture": "HDcape4.png",
      "type": "free"
    },
    {
      "localization_name": "Dummy",
      "geometry": "geometry.humanoid.custom",
      "texture": "dummy.png",
      "type": "custom"
    }
  ],
  "serialize_name": "Standard",
  "localization_name": "Standard"
}