{
  "skins": [
    {
      "localization_name": "StimoMC",
      "geometry": "geometry.Steve",
      "texture": "StimoMC.png",
      "type": "free"
    },
    {
      "localization_name": "Deutschland",
      "geometry": "geometry.Steve",
      "texture": "DE.png",
      "type": "free"
    },
    {
      "localization_name": "USA",
      "geometry": "geometry.Steve",
      "texture": "USA.png",
      "type": "free"
    },
    {
      "localization_name": "England",
      "geometry": "geometry.Steve",
      "texture": "GB.png",
      "type": "free"
    },
    {
      "localization_name": "Brasilien",
      "geometry": "geometry.Steve",
      "texture": "BRA.png",
      "type": "free"
    },
    {
      "localization_name": "Spanien",
      "geometry": "geometry.Steve",
      "texture": "ESP.png",
      "type": "free"
    },
    {
      "localization_name": "Weed",
      "geometry": "geometry.Steve",
      "texture": "Weed.png",
      "type": "free"
    },
    {
      "localization_name": "Dummy",
      "geometry": "geometry.humanoid.custom",
      "texture": "DUMMY.png",
      "type": "custom"
    }
  ],
  "serialize_name": "Standard",
  "localization_name": "Standard"
}